run_id,actor,task,start_utc,end_utc
S-T1-1,S,T1,2026-10-06T17:52:12.460Z,2026-10-06T17:52:31.152Z
S-T1-2,S,T1,2026-10-06T17:58:22.156Z,2026-10-06T17:58:43.435Z
S-T1-3,S,T1,2026-10-06T18:03:53.613Z,2026-10-06T18:04:10.528Z
P-T1-1,P,T1,2026-10-07T05:35:37.745Z,2026-10-07T05:35:46.643Z
CP-T1-1,CP,T1,2026-10-07T08:41:07.934Z,2026-10-07T08:41:55.097Z
CA-T1-1,CA,T1,2026-10-07T08:44:12.928Z,2026-10-07T08:51:09.974Z
CP-T1-2,CP,T1,2026-10-07T08:59:01.090Z,2026-10-07T08:59:32.066Z
CA-T1-2,CA,T1,2026-10-07T09:04:11.285Z,2026-10-07T09:04:58.006Z
CP-T1-3,CP,T1,2026-10-07T09:09:02.173Z,2026-10-07T09:09:52.601Z
CA-T1-3,CA,T1,2026-10-07T09:15:44.888Z,2026-10-07T09:15:48.228Z
