@timestamp,process.parent.name,process.name,process.pid,process.parent.pid,process.command_line
2026-10-07T08:40:38.382Z,chrome.exe,chrome.exe,15544,14072,"""C:\Program Files\Google\Chrome\Application\chrome.exe"" --type=renderer --no-pre-read-main-dll --disable-gpu-compositing --video-capture-use-gpu-memory-buffer --lang=en-US --device-scale-factor=1 --num-raster-threads=2 --enable-main-frame-before-activation --renderer-client-id=41 --launch-time-ticks=57044447275 --metrics-shmem-handle=8228,i,8559272517625374026,5137829921768871052,1572864 --field-trial-handle=1996,i,3595481585684911362,9104059505785398152,262144 --variations-seed-version=20260923-010043.286000-production --pseudonymization-salt-handle=2000,i,11933838246551952641,14387861711056372875,4 --trace-process-track-uuid=3190709024730587303 --mojo-platform-channel-handle=8672 /prefetch:1"
2026-10-07T08:40:38.382Z,chrome.exe,chrome.exe,15544,14072,"""C:\Program Files\Google\Chrome\Application\chrome.exe"" --type=renderer --no-pre-read-main-dll --disable-gpu-compositing --video-capture-use-gpu-memory-buffer --lang=en-US --device-scale-factor=1 --num-raster-threads=2 --enable-main-frame-before-activation --renderer-client-id=41 --launch-time-ticks=57044447275 --metrics-shmem-handle=8228,i,8559272517625374026,5137829921768871052,1572864 --field-trial-handle=1996,i,3595481585684911362,9104059505785398152,262144 --variations-seed-version=20260923-010043.286000-production --pseudonymization-salt-handle=2000,i,11933838246551952641,14387861711056372875,4 --trace-process-track-uuid=3190709024730587303 --mojo-platform-channel-handle=8672 /prefetch:1"
2026-10-07T08:40:38.397Z,chrome.exe,chrome.exe,10656,14072,"""C:\Program Files\Google\Chrome\Application\chrome.exe"" --type=utility --utility-sub-type=data_decoder.mojom.DataDecoderService --lang=en-US --service-sandbox-type=service --no-pre-read-main-dll --metrics-shmem-handle=8584,i,9463211356805403092,17748460668900183096,524288 --field-trial-handle=1996,i,3595481585684911362,9104059505785398152,262144 --variations-seed-version=20260923-010043.286000-production --pseudonymization-salt-handle=2000,i,11933838246551952641,14387861711056372875,4 --trace-process-track-uuid=3190709025667629152 --mojo-platform-channel-handle=8764 /prefetch:14"
2026-10-07T08:40:38.397Z,chrome.exe,chrome.exe,10656,14072,"""C:\Program Files\Google\Chrome\Application\chrome.exe"" --type=utility --utility-sub-type=data_decoder.mojom.DataDecoderService --lang=en-US --service-sandbox-type=service --no-pre-read-main-dll --metrics-shmem-handle=8584,i,9463211356805403092,17748460668900183096,524288 --field-trial-handle=1996,i,3595481585684911362,9104059505785398152,262144 --variations-seed-version=20260923-010043.286000-production --pseudonymization-salt-handle=2000,i,11933838246551952641,14387861711056372875,4 --trace-process-track-uuid=3190709025667629152 --mojo-platform-channel-handle=8764 /prefetch:14"
2026-10-07T08:40:57.078Z,chrome.exe,chrome.exe,11004,14072,"""C:\Program Files\Google\Chrome\Application\chrome.exe"" --type=renderer --no-pre-read-main-dll --disable-gpu-compositing --video-capture-use-gpu-memory-buffer --lang=en-US --device-scale-factor=1 --num-raster-threads=2 --enable-main-frame-before-activation --renderer-client-id=43 --launch-time-ticks=57063143216 --metrics-shmem-handle=7932,i,5654737761344047605,78655982099601534,1572864 --field-trial-handle=1996,i,3595481585684911362,9104059505785398152,262144 --variations-seed-version=20260923-010043.286000-production --pseudonymization-salt-handle=2000,i,11933838246551952641,14387861711056372875,4 --trace-process-track-uuid=3190709026604671001 --mojo-platform-channel-handle=6020 /prefetch:1"
2026-10-07T08:40:57.078Z,chrome.exe,chrome.exe,11004,14072,"""C:\Program Files\Google\Chrome\Application\chrome.exe"" --type=renderer --no-pre-read-main-dll --disable-gpu-compositing --video-capture-use-gpu-memory-buffer --lang=en-US --device-scale-factor=1 --num-raster-threads=2 --enable-main-frame-before-activation --renderer-client-id=43 --launch-time-ticks=57063143216 --metrics-shmem-handle=7932,i,5654737761344047605,78655982099601534,1572864 --field-trial-handle=1996,i,3595481585684911362,9104059505785398152,262144 --variations-seed-version=20260923-010043.286000-production --pseudonymization-salt-handle=2000,i,11933838246551952641,14387861711056372875,4 --trace-process-track-uuid=3190709026604671001 --mojo-platform-channel-handle=6020 /prefetch:1"
2026-10-07T08:41:10.769Z,chrome.exe,chrome.exe,13372,14072,"""C:\Program Files\Google\Chrome\Application\chrome.exe"" --type=renderer --no-pre-read-main-dll --disable-gpu-compositing --video-capture-use-gpu-memory-buffer --lang=en-US --device-scale-factor=1 --num-raster-threads=2 --enable-main-frame-before-activation --renderer-client-id=44 --launch-time-ticks=57076834431 --metrics-shmem-handle=8800,i,8482461713067311283,18378448920359797926,1572864 --field-trial-handle=1996,i,3595481585684911362,9104059505785398152,262144 --variations-seed-version=20260923-010043.286000-production --pseudonymization-salt-handle=2000,i,11933838246551952641,14387861711056372875,4 --trace-process-track-uuid=3190709027541712850 --mojo-platform-channel-handle=8984 /prefetch:1"
2026-10-07T08:41:10.769Z,chrome.exe,chrome.exe,13372,14072,"""C:\Program Files\Google\Chrome\Application\chrome.exe"" --type=renderer --no-pre-read-main-dll --disable-gpu-compositing --video-capture-use-gpu-memory-buffer --lang=en-US --device-scale-factor=1 --num-raster-threads=2 --enable-main-frame-before-activation --renderer-client-id=44 --launch-time-ticks=57076834431 --metrics-shmem-handle=8800,i,8482461713067311283,18378448920359797926,1572864 --field-trial-handle=1996,i,3595481585684911362,9104059505785398152,262144 --variations-seed-version=20260923-010043.286000-production --pseudonymization-salt-handle=2000,i,11933838246551952641,14387861711056372875,4 --trace-process-track-uuid=3190709027541712850 --mojo-platform-channel-handle=8984 /prefetch:1"
2026-10-07T08:44:21.160Z,chrome.exe,chrome.exe,15204,14072,"""C:\Program Files\Google\Chrome\Application\chrome.exe"" --type=renderer --no-pre-read-main-dll --disable-gpu-compositing --video-capture-use-gpu-memory-buffer --lang=en-US --device-scale-factor=1 --num-raster-threads=2 --enable-main-frame-before-activation --renderer-client-id=46 --launch-time-ticks=57267224814 --metrics-shmem-handle=5764,i,10269487634286239728,11882444974129472638,1572864 --field-trial-handle=1996,i,3595481585684911362,9104059505785398152,262144 --variations-seed-version=20260923-010043.286000-production --pseudonymization-salt-handle=2000,i,11933838246551952641,14387861711056372875,4 --trace-process-track-uuid=3190709029415796548 --mojo-platform-channel-handle=6212 /prefetch:1"
2026-10-07T08:44:21.160Z,chrome.exe,chrome.exe,15204,14072,"""C:\Program Files\Google\Chrome\Application\chrome.exe"" --type=renderer --no-pre-read-main-dll --disable-gpu-compositing --video-capture-use-gpu-memory-buffer --lang=en-US --device-scale-factor=1 --num-raster-threads=2 --enable-main-frame-before-activation --renderer-client-id=46 --launch-time-ticks=57267224814 --metrics-shmem-handle=5764,i,10269487634286239728,11882444974129472638,1572864 --field-trial-handle=1996,i,3595481585684911362,9104059505785398152,262144 --variations-seed-version=20260923-010043.286000-production --pseudonymization-salt-handle=2000,i,11933838246551952641,14387861711056372875,4 --trace-process-track-uuid=3190709029415796548 --mojo-platform-channel-handle=6212 /prefetch:1"
2026-10-07T08:44:29.822Z,chrome.exe,chrome.exe,5876,14072,"""C:\Program Files\Google\Chrome\Application\chrome.exe"" --type=renderer --no-pre-read-main-dll --disable-gpu-compositing --video-capture-use-gpu-memory-buffer --lang=en-US --device-scale-factor=1 --num-raster-threads=2 --enable-main-frame-before-activation --renderer-client-id=47 --launch-time-ticks=57275886655 --metrics-shmem-handle=5940,i,6214252741806651146,13241489025182111833,1572864 --field-trial-handle=1996,i,3595481585684911362,9104059505785398152,262144 --variations-seed-version=20260923-010043.286000-production --pseudonymization-salt-handle=2000,i,11933838246551952641,14387861711056372875,4 --trace-process-track-uuid=3190709030352838397 --mojo-platform-channel-handle=3356 /prefetch:1"
2026-10-07T08:44:29.822Z,chrome.exe,chrome.exe,5876,14072,"""C:\Program Files\Google\Chrome\Application\chrome.exe"" --type=renderer --no-pre-read-main-dll --disable-gpu-compositing --video-capture-use-gpu-memory-buffer --lang=en-US --device-scale-factor=1 --num-raster-threads=2 --enable-main-frame-before-activation --renderer-client-id=47 --launch-time-ticks=57275886655 --metrics-shmem-handle=5940,i,6214252741806651146,13241489025182111833,1572864 --field-trial-handle=1996,i,3595481585684911362,9104059505785398152,262144 --variations-seed-version=20260923-010043.286000-production --pseudonymization-salt-handle=2000,i,11933838246551952641,14387861711056372875,4 --trace-process-track-uuid=3190709030352838397 --mojo-platform-channel-handle=3356 /prefetch:1"
2026-10-07T08:44:29.994Z,chrome.exe,chrome.exe,9444,14072,"""C:\Program Files\Google\Chrome\Application\chrome.exe"" --type=renderer --no-pre-read-main-dll --disable-gpu-compositing --video-capture-use-gpu-memory-buffer --lang=en-US --device-scale-factor=1 --num-raster-threads=2 --enable-main-frame-before-activation --renderer-client-id=48 --launch-time-ticks=57276058584 --metrics-shmem-handle=4844,i,3418570537045548665,2846294402891302501,1572864 --field-trial-handle=1996,i,3595481585684911362,9104059505785398152,262144 --variations-seed-version=20260923-010043.286000-production --pseudonymization-salt-handle=2000,i,11933838246551952641,14387861711056372875,4 --trace-process-track-uuid=3190709031289880246 --mojo-platform-channel-handle=5584 /prefetch:1"
2026-10-07T08:44:29.994Z,chrome.exe,chrome.exe,9444,14072,"""C:\Program Files\Google\Chrome\Application\chrome.exe"" --type=renderer --no-pre-read-main-dll --disable-gpu-compositing --video-capture-use-gpu-memory-buffer --lang=en-US --device-scale-factor=1 --num-raster-threads=2 --enable-main-frame-before-activation --renderer-client-id=48 --launch-time-ticks=57276058584 --metrics-shmem-handle=4844,i,3418570537045548665,2846294402891302501,1572864 --field-trial-handle=1996,i,3595481585684911362,9104059505785398152,262144 --variations-seed-version=20260923-010043.286000-production --pseudonymization-salt-handle=2000,i,11933838246551952641,14387861711056372875,4 --trace-process-track-uuid=3190709031289880246 --mojo-platform-channel-handle=5584 /prefetch:1"
2026-10-07T08:44:31.693Z,chrome.exe,chrome.exe,2112,14072,"""C:\Program Files\Google\Chrome\Application\chrome.exe"" --type=renderer --no-pre-read-main-dll --disable-gpu-compositing --video-capture-use-gpu-memory-buffer --lang=en-US --device-scale-factor=1 --num-raster-threads=2 --enable-main-frame-before-activation --renderer-client-id=49 --launch-time-ticks=57277757108 --metrics-shmem-handle=1608,i,17360127660427110347,13178622721029330995,1572864 --field-trial-handle=1996,i,3595481585684911362,9104059505785398152,262144 --variations-seed-version=20260923-010043.286000-production --pseudonymization-salt-handle=2000,i,11933838246551952641,14387861711056372875,4 --trace-process-track-uuid=3190709032226922095 --mojo-platform-channel-handle=3668 /prefetch:1"
2026-10-07T08:44:31.693Z,chrome.exe,chrome.exe,2112,14072,"""C:\Program Files\Google\Chrome\Application\chrome.exe"" --type=renderer --no-pre-read-main-dll --disable-gpu-compositing --video-capture-use-gpu-memory-buffer --lang=en-US --device-scale-factor=1 --num-raster-threads=2 --enable-main-frame-before-activation --renderer-client-id=49 --launch-time-ticks=57277757108 --metrics-shmem-handle=1608,i,17360127660427110347,13178622721029330995,1572864 --field-trial-handle=1996,i,3595481585684911362,9104059505785398152,262144 --variations-seed-version=20260923-010043.286000-production --pseudonymization-salt-handle=2000,i,11933838246551952641,14387861711056372875,4 --trace-process-track-uuid=3190709032226922095 --mojo-platform-channel-handle=3668 /prefetch:1"
2026-10-07T08:44:32.454Z,chrome.exe,chrome.exe,7092,14072,"""C:\Program Files\Google\Chrome\Application\chrome.exe"" --type=utility --utility-sub-type=video_capture.mojom.VideoCaptureService --lang=en-US --service-sandbox-type=none --no-pre-read-main-dll --metrics-shmem-handle=8040,i,16455835000294323699,847749406597954525,524288 --field-trial-handle=1996,i,3595481585684911362,9104059505785398152,262144 --variations-seed-version=20260923-010043.286000-production --pseudonymization-salt-handle=2000,i,11933838246551952641,14387861711056372875,4 --trace-process-track-uuid=3190709033163963944 --mojo-platform-channel-handle=8552 /prefetch:14"
2026-10-07T08:44:32.454Z,chrome.exe,chrome.exe,7092,14072,"""C:\Program Files\Google\Chrome\Application\chrome.exe"" --type=utility --utility-sub-type=video_capture.mojom.VideoCaptureService --lang=en-US --service-sandbox-type=none --no-pre-read-main-dll --metrics-shmem-handle=8040,i,16455835000294323699,847749406597954525,524288 --field-trial-handle=1996,i,3595481585684911362,9104059505785398152,262144 --variations-seed-version=20260923-010043.286000-production --pseudonymization-salt-handle=2000,i,11933838246551952641,14387861711056372875,4 --trace-process-track-uuid=3190709033163963944 --mojo-platform-channel-handle=8552 /prefetch:14"
2026-10-07T08:44:32.800Z,chrome.exe,chrome.exe,15656,14072,"""C:\Program Files\Google\Chrome\Application\chrome.exe"" --type=renderer --no-pre-read-main-dll --disable-gpu-compositing --video-capture-use-gpu-memory-buffer --lang=en-US --device-scale-factor=1 --num-raster-threads=2 --enable-main-frame-before-activation --renderer-client-id=52 --launch-time-ticks=57278864326 --metrics-shmem-handle=8176,i,5578057814137375817,4005909245654917887,1572864 --field-trial-handle=1996,i,3595481585684911362,9104059505785398152,262144 --variations-seed-version=20260923-010043.286000-production --pseudonymization-salt-handle=2000,i,11933838246551952641,14387861711056372875,4 --trace-process-track-uuid=3190709035038047642 --mojo-platform-channel-handle=8904 /prefetch:1"
2026-10-07T08:44:32.800Z,chrome.exe,chrome.exe,15656,14072,"""C:\Program Files\Google\Chrome\Application\chrome.exe"" --type=renderer --no-pre-read-main-dll --disable-gpu-compositing --video-capture-use-gpu-memory-buffer --lang=en-US --device-scale-factor=1 --num-raster-threads=2 --enable-main-frame-before-activation --renderer-client-id=52 --launch-time-ticks=57278864326 --metrics-shmem-handle=8176,i,5578057814137375817,4005909245654917887,1572864 --field-trial-handle=1996,i,3595481585684911362,9104059505785398152,262144 --variations-seed-version=20260923-010043.286000-production --pseudonymization-salt-handle=2000,i,11933838246551952641,14387861711056372875,4 --trace-process-track-uuid=3190709035038047642 --mojo-platform-channel-handle=8904 /prefetch:1"
2026-10-07T08:44:33.514Z,chrome.exe,chrome.exe,8544,14072,"""C:\Program Files\Google\Chrome\Application\chrome.exe"" --type=renderer --no-pre-read-main-dll --disable-gpu-compositing --video-capture-use-gpu-memory-buffer --lang=en-US --device-scale-factor=1 --num-raster-threads=2 --enable-main-frame-before-activation --renderer-client-id=53 --launch-time-ticks=57279578437 --metrics-shmem-handle=8484,i,17666242780388262232,5660304876327314324,1572864 --field-trial-handle=1996,i,3595481585684911362,9104059505785398152,262144 --variations-seed-version=20260923-010043.286000-production --pseudonymization-salt-handle=2000,i,11933838246551952641,14387861711056372875,4 --trace-process-track-uuid=3190709035975089491 --mojo-platform-channel-handle=4408 /prefetch:1"
2026-10-07T08:44:33.514Z,chrome.exe,chrome.exe,8544,14072,"""C:\Program Files\Google\Chrome\Application\chrome.exe"" --type=renderer --no-pre-read-main-dll --disable-gpu-compositing --video-capture-use-gpu-memory-buffer --lang=en-US --device-scale-factor=1 --num-raster-threads=2 --enable-main-frame-before-activation --renderer-client-id=53 --launch-time-ticks=57279578437 --metrics-shmem-handle=8484,i,17666242780388262232,5660304876327314324,1572864 --field-trial-handle=1996,i,3595481585684911362,9104059505785398152,262144 --variations-seed-version=20260923-010043.286000-production --pseudonymization-salt-handle=2000,i,11933838246551952641,14387861711056372875,4 --trace-process-track-uuid=3190709035975089491 --mojo-platform-channel-handle=4408 /prefetch:1"
2026-10-07T08:48:57.097Z,chrome.exe,chrome.exe,1764,14072,"""C:\Program Files\Google\Chrome\Application\chrome.exe"" --type=renderer --no-pre-read-main-dll --disable-gpu-compositing --video-capture-use-gpu-memory-buffer --lang=en-US --device-scale-factor=1 --num-raster-threads=2 --enable-main-frame-before-activation --renderer-client-id=54 --launch-time-ticks=57543161568 --metrics-shmem-handle=9096,i,14747387368774963043,12470168195244068718,1572864 --field-trial-handle=1996,i,3595481585684911362,9104059505785398152,262144 --variations-seed-version=20260923-010043.286000-production --pseudonymization-salt-handle=2000,i,11933838246551952641,14387861711056372875,4 --trace-process-track-uuid=3190709036912131340 --mojo-platform-channel-handle=9176 /prefetch:1"
2026-10-07T08:48:57.097Z,chrome.exe,chrome.exe,1764,14072,"""C:\Program Files\Google\Chrome\Application\chrome.exe"" --type=renderer --no-pre-read-main-dll --disable-gpu-compositing --video-capture-use-gpu-memory-buffer --lang=en-US --device-scale-factor=1 --num-raster-threads=2 --enable-main-frame-before-activation --renderer-client-id=54 --launch-time-ticks=57543161568 --metrics-shmem-handle=9096,i,14747387368774963043,12470168195244068718,1572864 --field-trial-handle=1996,i,3595481585684911362,9104059505785398152,262144 --variations-seed-version=20260923-010043.286000-production --pseudonymization-salt-handle=2000,i,11933838246551952641,14387861711056372875,4 --trace-process-track-uuid=3190709036912131340 --mojo-platform-channel-handle=9176 /prefetch:1"
2026-10-07T08:49:39.163Z,chrome.exe,chrome.exe,10324,14072,"""C:\Program Files\Google\Chrome\Application\chrome.exe"" --type=renderer --no-pre-read-main-dll --disable-gpu-compositing --video-capture-use-gpu-memory-buffer --lang=en-US --device-scale-factor=1 --num-raster-threads=2 --enable-main-frame-before-activation --renderer-client-id=56 --launch-time-ticks=57585227902 --metrics-shmem-handle=8280,i,4582141708550326895,14244332810987171326,1572864 --field-trial-handle=1996,i,3595481585684911362,9104059505785398152,262144 --variations-seed-version=20260923-010043.286000-production --pseudonymization-salt-handle=2000,i,11933838246551952641,14387861711056372875,4 --trace-process-track-uuid=3190709038786215038 --mojo-platform-channel-handle=8828 /prefetch:1"
2026-10-07T08:49:39.163Z,chrome.exe,chrome.exe,10324,14072,"""C:\Program Files\Google\Chrome\Application\chrome.exe"" --type=renderer --no-pre-read-main-dll --disable-gpu-compositing --video-capture-use-gpu-memory-buffer --lang=en-US --device-scale-factor=1 --num-raster-threads=2 --enable-main-frame-before-activation --renderer-client-id=56 --launch-time-ticks=57585227902 --metrics-shmem-handle=8280,i,4582141708550326895,14244332810987171326,1572864 --field-trial-handle=1996,i,3595481585684911362,9104059505785398152,262144 --variations-seed-version=20260923-010043.286000-production --pseudonymization-salt-handle=2000,i,11933838246551952641,14387861711056372875,4 --trace-process-track-uuid=3190709038786215038 --mojo-platform-channel-handle=8828 /prefetch:1"
2026-10-07T08:49:39.843Z,chrome.exe,chrome.exe,8264,14072,"""C:\Program Files\Google\Chrome\Application\chrome.exe"" --type=renderer --no-pre-read-main-dll --disable-gpu-compositing --video-capture-use-gpu-memory-buffer --lang=en-US --device-scale-factor=1 --num-raster-threads=2 --enable-main-frame-before-activation --renderer-client-id=57 --launch-time-ticks=57585907518 --metrics-shmem-handle=8212,i,8500407285994672679,3806500357429698575,1572864 --field-trial-handle=1996,i,3595481585684911362,9104059505785398152,262144 --variations-seed-version=20260923-010043.286000-production --pseudonymization-salt-handle=2000,i,11933838246551952641,14387861711056372875,4 --trace-process-track-uuid=3190709039723256887 --mojo-platform-channel-handle=8932 /prefetch:1"
2026-10-07T08:49:39.843Z,chrome.exe,chrome.exe,8264,14072,"""C:\Program Files\Google\Chrome\Application\chrome.exe"" --type=renderer --no-pre-read-main-dll --disable-gpu-compositing --video-capture-use-gpu-memory-buffer --lang=en-US --device-scale-factor=1 --num-raster-threads=2 --enable-main-frame-before-activation --renderer-client-id=57 --launch-time-ticks=57585907518 --metrics-shmem-handle=8212,i,8500407285994672679,3806500357429698575,1572864 --field-trial-handle=1996,i,3595481585684911362,9104059505785398152,262144 --variations-seed-version=20260923-010043.286000-production --pseudonymization-salt-handle=2000,i,11933838246551952641,14387861711056372875,4 --trace-process-track-uuid=3190709039723256887 --mojo-platform-channel-handle=8932 /prefetch:1"
2026-10-07T08:49:46.130Z,chrome.exe,chrome.exe,15724,14072,"""C:\Program Files\Google\Chrome\Application\chrome.exe"" --type=renderer --no-pre-read-main-dll --disable-gpu-compositing --video-capture-use-gpu-memory-buffer --lang=en-US --device-scale-factor=1 --num-raster-threads=2 --enable-main-frame-before-activation --renderer-client-id=58 --launch-time-ticks=57592194704 --metrics-shmem-handle=9636,i,13311863476677252375,3381979261366029562,1572864 --field-trial-handle=1996,i,3595481585684911362,9104059505785398152,262144 --variations-seed-version=20260923-010043.286000-production --pseudonymization-salt-handle=2000,i,11933838246551952641,14387861711056372875,4 --trace-process-track-uuid=3190709040660298736 --mojo-platform-channel-handle=7960 /prefetch:1"
2026-10-07T08:49:46.130Z,chrome.exe,chrome.exe,15724,14072,"""C:\Program Files\Google\Chrome\Application\chrome.exe"" --type=renderer --no-pre-read-main-dll --disable-gpu-compositing --video-capture-use-gpu-memory-buffer --lang=en-US --device-scale-factor=1 --num-raster-threads=2 --enable-main-frame-before-activation --renderer-client-id=58 --launch-time-ticks=57592194704 --metrics-shmem-handle=9636,i,13311863476677252375,3381979261366029562,1572864 --field-trial-handle=1996,i,3595481585684911362,9104059505785398152,262144 --variations-seed-version=20260923-010043.286000-production --pseudonymization-salt-handle=2000,i,11933838246551952641,14387861711056372875,4 --trace-process-track-uuid=3190709040660298736 --mojo-platform-channel-handle=7960 /prefetch:1"
2026-10-07T08:49:46.713Z,chrome.exe,chrome.exe,5204,14072,"""C:\Program Files\Google\Chrome\Application\chrome.exe"" --type=renderer --no-pre-read-main-dll --disable-gpu-compositing --video-capture-use-gpu-memory-buffer --lang=en-US --device-scale-factor=1 --num-raster-threads=2 --enable-main-frame-before-activation --renderer-client-id=59 --launch-time-ticks=57592776799 --metrics-shmem-handle=3272,i,17122267433287135935,33255980727241489,1572864 --field-trial-handle=1996,i,3595481585684911362,9104059505785398152,262144 --variations-seed-version=20260923-010043.286000-production --pseudonymization-salt-handle=2000,i,11933838246551952641,14387861711056372875,4 --trace-process-track-uuid=3190709041597340585 --mojo-platform-channel-handle=5380 /prefetch:1"
2026-10-07T08:49:46.713Z,chrome.exe,chrome.exe,5204,14072,"""C:\Program Files\Google\Chrome\Application\chrome.exe"" --type=renderer --no-pre-read-main-dll --disable-gpu-compositing --video-capture-use-gpu-memory-buffer --lang=en-US --device-scale-factor=1 --num-raster-threads=2 --enable-main-frame-before-activation --renderer-client-id=59 --launch-time-ticks=57592776799 --metrics-shmem-handle=3272,i,17122267433287135935,33255980727241489,1572864 --field-trial-handle=1996,i,3595481585684911362,9104059505785398152,262144 --variations-seed-version=20260923-010043.286000-production --pseudonymization-salt-handle=2000,i,11933838246551952641,14387861711056372875,4 --trace-process-track-uuid=3190709041597340585 --mojo-platform-channel-handle=5380 /prefetch:1"
2026-10-07T08:50:01.698Z,chrome.exe,chrome.exe,10044,14072,"""C:\Program Files\Google\Chrome\Application\chrome.exe"" --type=renderer --no-pre-read-main-dll --disable-gpu-compositing --video-capture-use-gpu-memory-buffer --lang=en-US --device-scale-factor=1 --num-raster-threads=2 --enable-main-frame-before-activation --renderer-client-id=60 --launch-time-ticks=57607762859 --metrics-shmem-handle=9576,i,12371909457863039173,5802445317699563366,1572864 --field-trial-handle=1996,i,3595481585684911362,9104059505785398152,262144 --variations-seed-version=20260923-010043.286000-production --pseudonymization-salt-handle=2000,i,11933838246551952641,14387861711056372875,4 --trace-process-track-uuid=3190709042534382434 --mojo-platform-channel-handle=9612 /prefetch:1"
2026-10-07T08:50:01.698Z,chrome.exe,chrome.exe,10044,14072,"""C:\Program Files\Google\Chrome\Application\chrome.exe"" --type=renderer --no-pre-read-main-dll --disable-gpu-compositing --video-capture-use-gpu-memory-buffer --lang=en-US --device-scale-factor=1 --num-raster-threads=2 --enable-main-frame-before-activation --renderer-client-id=60 --launch-time-ticks=57607762859 --metrics-shmem-handle=9576,i,12371909457863039173,5802445317699563366,1572864 --field-trial-handle=1996,i,3595481585684911362,9104059505785398152,262144 --variations-seed-version=20260923-010043.286000-production --pseudonymization-salt-handle=2000,i,11933838246551952641,14387861711056372875,4 --trace-process-track-uuid=3190709042534382434 --mojo-platform-channel-handle=9612 /prefetch:1"
2026-10-07T08:50:09.204Z,chrome.exe,chrome.exe,15008,14072,"""C:\Program Files\Google\Chrome\Application\chrome.exe"" --type=renderer --no-pre-read-main-dll --disable-gpu-compositing --video-capture-use-gpu-memory-buffer --lang=en-US --device-scale-factor=1 --num-raster-threads=2 --enable-main-frame-before-activation --renderer-client-id=61 --launch-time-ticks=57615268723 --metrics-shmem-handle=9324,i,2475404840870027641,11352659193089493778,1572864 --field-trial-handle=1996,i,3595481585684911362,9104059505785398152,262144 --variations-seed-version=20260923-010043.286000-production --pseudonymization-salt-handle=2000,i,11933838246551952641,14387861711056372875,4 --trace-process-track-uuid=3190709043471424283 --mojo-platform-channel-handle=9720 /prefetch:1"
2026-10-07T08:50:09.204Z,chrome.exe,chrome.exe,15008,14072,"""C:\Program Files\Google\Chrome\Application\chrome.exe"" --type=renderer --no-pre-read-main-dll --disable-gpu-compositing --video-capture-use-gpu-memory-buffer --lang=en-US --device-scale-factor=1 --num-raster-threads=2 --enable-main-frame-before-activation --renderer-client-id=61 --launch-time-ticks=57615268723 --metrics-shmem-handle=9324,i,2475404840870027641,11352659193089493778,1572864 --field-trial-handle=1996,i,3595481585684911362,9104059505785398152,262144 --variations-seed-version=20260923-010043.286000-production --pseudonymization-salt-handle=2000,i,11933838246551952641,14387861711056372875,4 --trace-process-track-uuid=3190709043471424283 --mojo-platform-channel-handle=9720 /prefetch:1"
2026-10-07T08:50:36.421Z,chrome.exe,chrome.exe,7824,14072,"""C:\Program Files\Google\Chrome\Application\chrome.exe"" --type=renderer --no-pre-read-main-dll --disable-gpu-compositing --video-capture-use-gpu-memory-buffer --lang=en-US --device-scale-factor=1 --num-raster-threads=2 --enable-main-frame-before-activation --renderer-client-id=62 --launch-time-ticks=57642484860 --metrics-shmem-handle=8376,i,9789338592811590561,8544157620260754968,1572864 --field-trial-handle=1996,i,3595481585684911362,9104059505785398152,262144 --variations-seed-version=20260923-010043.286000-production --pseudonymization-salt-handle=2000,i,11933838246551952641,14387861711056372875,4 --trace-process-track-uuid=3190709044408466132 --mojo-platform-channel-handle=8108 /prefetch:1"
2026-10-07T08:50:36.421Z,chrome.exe,chrome.exe,7824,14072,"""C:\Program Files\Google\Chrome\Application\chrome.exe"" --type=renderer --no-pre-read-main-dll --disable-gpu-compositing --video-capture-use-gpu-memory-buffer --lang=en-US --device-scale-factor=1 --num-raster-threads=2 --enable-main-frame-before-activation --renderer-client-id=62 --launch-time-ticks=57642484860 --metrics-shmem-handle=8376,i,9789338592811590561,8544157620260754968,1572864 --field-trial-handle=1996,i,3595481585684911362,9104059505785398152,262144 --variations-seed-version=20260923-010043.286000-production --pseudonymization-salt-handle=2000,i,11933838246551952641,14387861711056372875,4 --trace-process-track-uuid=3190709044408466132 --mojo-platform-channel-handle=8108 /prefetch:1"
2026-10-07T08:58:51.968Z,chrome.exe,chrome.exe,9396,14072,"""C:\Program Files\Google\Chrome\Application\chrome.exe"" --type=renderer --top-chrome-webui --no-pre-read-main-dll --disable-gpu-compositing --video-capture-use-gpu-memory-buffer --lang=en-US --device-scale-factor=1 --num-raster-threads=2 --enable-main-frame-before-activation --renderer-client-id=63 --launch-time-ticks=58138031708 --metrics-shmem-handle=5732,i,6686052691686306920,7809729883870723664,1572864 --field-trial-handle=1996,i,3595481585684911362,9104059505785398152,262144 --variations-seed-version=20260923-010043.286000-production --pseudonymization-salt-handle=2000,i,11933838246551952641,14387861711056372875,4 --trace-process-track-uuid=3190709045345507981 --mojo-platform-channel-handle=3628 /prefetch:1"
2026-10-07T08:58:51.968Z,chrome.exe,chrome.exe,9396,14072,"""C:\Program Files\Google\Chrome\Application\chrome.exe"" --type=renderer --top-chrome-webui --no-pre-read-main-dll --disable-gpu-compositing --video-capture-use-gpu-memory-buffer --lang=en-US --device-scale-factor=1 --num-raster-threads=2 --enable-main-frame-before-activation --renderer-client-id=63 --launch-time-ticks=58138031708 --metrics-shmem-handle=5732,i,6686052691686306920,7809729883870723664,1572864 --field-trial-handle=1996,i,3595481585684911362,9104059505785398152,262144 --variations-seed-version=20260923-010043.286000-production --pseudonymization-salt-handle=2000,i,11933838246551952641,14387861711056372875,4 --trace-process-track-uuid=3190709045345507981 --mojo-platform-channel-handle=3628 /prefetch:1"
2026-10-07T08:58:52.004Z,chrome.exe,chrome.exe,8280,14072,"""C:\Program Files\Google\Chrome\Application\chrome.exe"" --type=renderer --no-pre-read-main-dll --disable-gpu-compositing --video-capture-use-gpu-memory-buffer --lang=en-US --device-scale-factor=1 --num-raster-threads=2 --enable-main-frame-before-activation --renderer-client-id=64 --launch-time-ticks=58138068053 --metrics-shmem-handle=9472,i,9927283337730545177,5428917006053184097,1572864 --field-trial-handle=1996,i,3595481585684911362,9104059505785398152,262144 --variations-seed-version=20260923-010043.286000-production --pseudonymization-salt-handle=2000,i,11933838246551952641,14387861711056372875,4 --trace-process-track-uuid=3190709046282549830 --mojo-platform-channel-handle=8604 /prefetch:1"
2026-10-07T08:58:52.004Z,chrome.exe,chrome.exe,8280,14072,"""C:\Program Files\Google\Chrome\Application\chrome.exe"" --type=renderer --no-pre-read-main-dll --disable-gpu-compositing --video-capture-use-gpu-memory-buffer --lang=en-US --device-scale-factor=1 --num-raster-threads=2 --enable-main-frame-before-activation --renderer-client-id=64 --launch-time-ticks=58138068053 --metrics-shmem-handle=9472,i,9927283337730545177,5428917006053184097,1572864 --field-trial-handle=1996,i,3595481585684911362,9104059505785398152,262144 --variations-seed-version=20260923-010043.286000-production --pseudonymization-salt-handle=2000,i,11933838246551952641,14387861711056372875,4 --trace-process-track-uuid=3190709046282549830 --mojo-platform-channel-handle=8604 /prefetch:1"
2026-10-07T08:58:52.296Z,chrome.exe,chrome.exe,4308,14072,"""C:\Program Files\Google\Chrome\Application\chrome.exe"" --type=renderer --no-pre-read-main-dll --disable-gpu-compositing --video-capture-use-gpu-memory-buffer --lang=en-US --device-scale-factor=1 --num-raster-threads=2 --enable-main-frame-before-activation --renderer-client-id=65 --launch-time-ticks=58138359595 --metrics-shmem-handle=4452,i,14791025100601762987,5005133581899722677,1572864 --field-trial-handle=1996,i,3595481585684911362,9104059505785398152,262144 --variations-seed-version=20260923-010043.286000-production --pseudonymization-salt-handle=2000,i,11933838246551952641,14387861711056372875,4 --trace-process-track-uuid=3190709047219591679 --mojo-platform-channel-handle=3852 /prefetch:1"
2026-10-07T08:58:52.296Z,chrome.exe,chrome.exe,4308,14072,"""C:\Program Files\Google\Chrome\Application\chrome.exe"" --type=renderer --no-pre-read-main-dll --disable-gpu-compositing --video-capture-use-gpu-memory-buffer --lang=en-US --device-scale-factor=1 --num-raster-threads=2 --enable-main-frame-before-activation --renderer-client-id=65 --launch-time-ticks=58138359595 --metrics-shmem-handle=4452,i,14791025100601762987,5005133581899722677,1572864 --field-trial-handle=1996,i,3595481585684911362,9104059505785398152,262144 --variations-seed-version=20260923-010043.286000-production --pseudonymization-salt-handle=2000,i,11933838246551952641,14387861711056372875,4 --trace-process-track-uuid=3190709047219591679 --mojo-platform-channel-handle=3852 /prefetch:1"
2026-10-07T08:58:57.476Z,chrome.exe,chrome.exe,13896,14072,"""C:\Program Files\Google\Chrome\Application\chrome.exe"" --type=renderer --no-pre-read-main-dll --disable-gpu-compositing --video-capture-use-gpu-memory-buffer --lang=en-US --device-scale-factor=1 --num-raster-threads=2 --enable-main-frame-before-activation --renderer-client-id=66 --launch-time-ticks=58143539614 --metrics-shmem-handle=9688,i,5520423341006270421,1108209950890730880,1572864 --field-trial-handle=1996,i,3595481585684911362,9104059505785398152,262144 --variations-seed-version=20260923-010043.286000-production --pseudonymization-salt-handle=2000,i,11933838246551952641,14387861711056372875,4 --trace-process-track-uuid=3190709048156633528 --mojo-platform-channel-handle=9552 /prefetch:1"
2026-10-07T08:58:57.476Z,chrome.exe,chrome.exe,13896,14072,"""C:\Program Files\Google\Chrome\Application\chrome.exe"" --type=renderer --no-pre-read-main-dll --disable-gpu-compositing --video-capture-use-gpu-memory-buffer --lang=en-US --device-scale-factor=1 --num-raster-threads=2 --enable-main-frame-before-activation --renderer-client-id=66 --launch-time-ticks=58143539614 --metrics-shmem-handle=9688,i,5520423341006270421,1108209950890730880,1572864 --field-trial-handle=1996,i,3595481585684911362,9104059505785398152,262144 --variations-seed-version=20260923-010043.286000-production --pseudonymization-salt-handle=2000,i,11933838246551952641,14387861711056372875,4 --trace-process-track-uuid=3190709048156633528 --mojo-platform-channel-handle=9552 /prefetch:1"
2026-10-07T08:59:04.296Z,chrome.exe,chrome.exe,6060,14072,"""C:\Program Files\Google\Chrome\Application\chrome.exe"" --type=renderer --no-pre-read-main-dll --disable-gpu-compositing --video-capture-use-gpu-memory-buffer --lang=en-US --device-scale-factor=1 --num-raster-threads=2 --enable-main-frame-before-activation --renderer-client-id=67 --launch-time-ticks=58150360050 --metrics-shmem-handle=5356,i,14015231828927836816,9008147455700821715,1572864 --field-trial-handle=1996,i,3595481585684911362,9104059505785398152,262144 --variations-seed-version=20260923-010043.286000-production --pseudonymization-salt-handle=2000,i,11933838246551952641,14387861711056372875,4 --trace-process-track-uuid=3190709049093675377 --mojo-platform-channel-handle=4100 /prefetch:1"
2026-10-07T08:59:04.296Z,chrome.exe,chrome.exe,6060,14072,"""C:\Program Files\Google\Chrome\Application\chrome.exe"" --type=renderer --no-pre-read-main-dll --disable-gpu-compositing --video-capture-use-gpu-memory-buffer --lang=en-US --device-scale-factor=1 --num-raster-threads=2 --enable-main-frame-before-activation --renderer-client-id=67 --launch-time-ticks=58150360050 --metrics-shmem-handle=5356,i,14015231828927836816,9008147455700821715,1572864 --field-trial-handle=1996,i,3595481585684911362,9104059505785398152,262144 --variations-seed-version=20260923-010043.286000-production --pseudonymization-salt-handle=2000,i,11933838246551952641,14387861711056372875,4 --trace-process-track-uuid=3190709049093675377 --mojo-platform-channel-handle=4100 /prefetch:1"
2026-10-07T08:59:04.303Z,chrome.exe,chrome.exe,10800,14072,"""C:\Program Files\Google\Chrome\Application\chrome.exe"" --type=utility --utility-sub-type=data_decoder.mojom.DataDecoderService --lang=en-US --service-sandbox-type=service --no-pre-read-main-dll --metrics-shmem-handle=3928,i,15548134141013242439,10696028677808094089,524288 --field-trial-handle=1996,i,3595481585684911362,9104059505785398152,262144 --variations-seed-version=20260923-010043.286000-production --pseudonymization-salt-handle=2000,i,11933838246551952641,14387861711056372875,4 --trace-process-track-uuid=3190709050030717226 --mojo-platform-channel-handle=568 /prefetch:14"
2026-10-07T08:59:04.303Z,chrome.exe,chrome.exe,10800,14072,"""C:\Program Files\Google\Chrome\Application\chrome.exe"" --type=utility --utility-sub-type=data_decoder.mojom.DataDecoderService --lang=en-US --service-sandbox-type=service --no-pre-read-main-dll --metrics-shmem-handle=3928,i,15548134141013242439,10696028677808094089,524288 --field-trial-handle=1996,i,3595481585684911362,9104059505785398152,262144 --variations-seed-version=20260923-010043.286000-production --pseudonymization-salt-handle=2000,i,11933838246551952641,14387861711056372875,4 --trace-process-track-uuid=3190709050030717226 --mojo-platform-channel-handle=568 /prefetch:14"
2026-10-07T08:59:08.810Z,chrome.exe,chrome.exe,11400,14072,"""C:\Program Files\Google\Chrome\Application\chrome.exe"" --type=renderer --no-pre-read-main-dll --disable-gpu-compositing --video-capture-use-gpu-memory-buffer --lang=en-US --device-scale-factor=1 --num-raster-threads=2 --enable-main-frame-before-activation --renderer-client-id=69 --launch-time-ticks=58154873817 --metrics-shmem-handle=4404,i,11420233279309580198,17956997110557261078,1572864 --field-trial-handle=1996,i,3595481585684911362,9104059505785398152,262144 --variations-seed-version=20260923-010043.286000-production --pseudonymization-salt-handle=2000,i,11933838246551952641,14387861711056372875,4 --trace-process-track-uuid=3190709050967759075 --mojo-platform-channel-handle=3688 /prefetch:1"
2026-10-07T08:59:08.810Z,chrome.exe,chrome.exe,11400,14072,"""C:\Program Files\Google\Chrome\Application\chrome.exe"" --type=renderer --no-pre-read-main-dll --disable-gpu-compositing --video-capture-use-gpu-memory-buffer --lang=en-US --device-scale-factor=1 --num-raster-threads=2 --enable-main-frame-before-activation --renderer-client-id=69 --launch-time-ticks=58154873817 --metrics-shmem-handle=4404,i,11420233279309580198,17956997110557261078,1572864 --field-trial-handle=1996,i,3595481585684911362,9104059505785398152,262144 --variations-seed-version=20260923-010043.286000-production --pseudonymization-salt-handle=2000,i,11933838246551952641,14387861711056372875,4 --trace-process-track-uuid=3190709050967759075 --mojo-platform-channel-handle=3688 /prefetch:1"
2026-10-07T09:04:14.916Z,chrome.exe,chrome.exe,2240,14072,"""C:\Program Files\Google\Chrome\Application\chrome.exe"" --type=renderer --top-chrome-webui --no-pre-read-main-dll --disable-gpu-compositing --video-capture-use-gpu-memory-buffer --lang=en-US --device-scale-factor=1 --num-raster-threads=2 --enable-main-frame-before-activation --renderer-client-id=70 --launch-time-ticks=58460979913 --metrics-shmem-handle=8412,i,1794325203242916705,16396991000467835911,1572864 --field-trial-handle=1996,i,3595481585684911362,9104059505785398152,262144 --variations-seed-version=20260923-010043.286000-production --pseudonymization-salt-handle=2000,i,11933838246551952641,14387861711056372875,4 --trace-process-track-uuid=3190709051904800924 --mojo-platform-channel-handle=4828 /prefetch:1"
2026-10-07T09:04:14.916Z,chrome.exe,chrome.exe,2240,14072,"""C:\Program Files\Google\Chrome\Application\chrome.exe"" --type=renderer --top-chrome-webui --no-pre-read-main-dll --disable-gpu-compositing --video-capture-use-gpu-memory-buffer --lang=en-US --device-scale-factor=1 --num-raster-threads=2 --enable-main-frame-before-activation --renderer-client-id=70 --launch-time-ticks=58460979913 --metrics-shmem-handle=8412,i,1794325203242916705,16396991000467835911,1572864 --field-trial-handle=1996,i,3595481585684911362,9104059505785398152,262144 --variations-seed-version=20260923-010043.286000-production --pseudonymization-salt-handle=2000,i,11933838246551952641,14387861711056372875,4 --trace-process-track-uuid=3190709051904800924 --mojo-platform-channel-handle=4828 /prefetch:1"
2026-10-07T09:04:14.950Z,chrome.exe,chrome.exe,14524,14072,"""C:\Program Files\Google\Chrome\Application\chrome.exe"" --type=renderer --no-pre-read-main-dll --disable-gpu-compositing --video-capture-use-gpu-memory-buffer --lang=en-US --device-scale-factor=1 --num-raster-threads=2 --enable-main-frame-before-activation --renderer-client-id=71 --launch-time-ticks=58461013350 --metrics-shmem-handle=3932,i,7925823834764410540,12692741291602283678,1572864 --field-trial-handle=1996,i,3595481585684911362,9104059505785398152,262144 --variations-seed-version=20260923-010043.286000-production --pseudonymization-salt-handle=2000,i,11933838246551952641,14387861711056372875,4 --trace-process-track-uuid=3190709052841842773 --mojo-platform-channel-handle=4808 /prefetch:1"
2026-10-07T09:04:14.950Z,chrome.exe,chrome.exe,14524,14072,"""C:\Program Files\Google\Chrome\Application\chrome.exe"" --type=renderer --no-pre-read-main-dll --disable-gpu-compositing --video-capture-use-gpu-memory-buffer --lang=en-US --device-scale-factor=1 --num-raster-threads=2 --enable-main-frame-before-activation --renderer-client-id=71 --launch-time-ticks=58461013350 --metrics-shmem-handle=3932,i,7925823834764410540,12692741291602283678,1572864 --field-trial-handle=1996,i,3595481585684911362,9104059505785398152,262144 --variations-seed-version=20260923-010043.286000-production --pseudonymization-salt-handle=2000,i,11933838246551952641,14387861711056372875,4 --trace-process-track-uuid=3190709052841842773 --mojo-platform-channel-handle=4808 /prefetch:1"
2026-10-07T09:04:15.180Z,chrome.exe,chrome.exe,7700,14072,"""C:\Program Files\Google\Chrome\Application\chrome.exe"" --type=renderer --no-pre-read-main-dll --disable-gpu-compositing --video-capture-use-gpu-memory-buffer --lang=en-US --device-scale-factor=1 --num-raster-threads=2 --enable-main-frame-before-activation --renderer-client-id=72 --launch-time-ticks=58461243511 --metrics-shmem-handle=9364,i,7088362381633238570,1983062725018817878,1572864 --field-trial-handle=1996,i,3595481585684911362,9104059505785398152,262144 --variations-seed-version=20260923-010043.286000-production --pseudonymization-salt-handle=2000,i,11933838246551952641,14387861711056372875,4 --trace-process-track-uuid=3190709053778884622 --mojo-platform-channel-handle=3352 /prefetch:1"
2026-10-07T09:04:15.180Z,chrome.exe,chrome.exe,7700,14072,"""C:\Program Files\Google\Chrome\Application\chrome.exe"" --type=renderer --no-pre-read-main-dll --disable-gpu-compositing --video-capture-use-gpu-memory-buffer --lang=en-US --device-scale-factor=1 --num-raster-threads=2 --enable-main-frame-before-activation --renderer-client-id=72 --launch-time-ticks=58461243511 --metrics-shmem-handle=9364,i,7088362381633238570,1983062725018817878,1572864 --field-trial-handle=1996,i,3595481585684911362,9104059505785398152,262144 --variations-seed-version=20260923-010043.286000-production --pseudonymization-salt-handle=2000,i,11933838246551952641,14387861711056372875,4 --trace-process-track-uuid=3190709053778884622 --mojo-platform-channel-handle=3352 /prefetch:1"
2026-10-07T09:04:16.647Z,chrome.exe,chrome.exe,4768,14072,"""C:\Program Files\Google\Chrome\Application\chrome.exe"" --type=renderer --no-pre-read-main-dll --disable-gpu-compositing --video-capture-use-gpu-memory-buffer --lang=en-US --device-scale-factor=1 --num-raster-threads=2 --enable-main-frame-before-activation --renderer-client-id=74 --launch-time-ticks=58462710569 --metrics-shmem-handle=5356,i,7148683091795220006,8828397403767919588,1572864 --field-trial-handle=1996,i,3595481585684911362,9104059505785398152,262144 --variations-seed-version=20260923-010043.286000-production --pseudonymization-salt-handle=2000,i,11933838246551952641,14387861711056372875,4 --trace-process-track-uuid=3190709055652968320 --mojo-platform-channel-handle=8424 /prefetch:1"
2026-10-07T09:04:16.647Z,chrome.exe,chrome.exe,4768,14072,"""C:\Program Files\Google\Chrome\Application\chrome.exe"" --type=renderer --no-pre-read-main-dll --disable-gpu-compositing --video-capture-use-gpu-memory-buffer --lang=en-US --device-scale-factor=1 --num-raster-threads=2 --enable-main-frame-before-activation --renderer-client-id=74 --launch-time-ticks=58462710569 --metrics-shmem-handle=5356,i,7148683091795220006,8828397403767919588,1572864 --field-trial-handle=1996,i,3595481585684911362,9104059505785398152,262144 --variations-seed-version=20260923-010043.286000-production --pseudonymization-salt-handle=2000,i,11933838246551952641,14387861711056372875,4 --trace-process-track-uuid=3190709055652968320 --mojo-platform-channel-handle=8424 /prefetch:1"
2026-10-07T09:04:18.182Z,chrome.exe,chrome.exe,11204,14072,"""C:\Program Files\Google\Chrome\Application\chrome.exe"" --type=renderer --no-pre-read-main-dll --disable-gpu-compositing --video-capture-use-gpu-memory-buffer --lang=en-US --device-scale-factor=1 --num-raster-threads=2 --enable-main-frame-before-activation --renderer-client-id=75 --launch-time-ticks=58464245115 --metrics-shmem-handle=3240,i,5051109858501470214,10646825171814029240,1572864 --field-trial-handle=1996,i,3595481585684911362,9104059505785398152,262144 --variations-seed-version=20260923-010043.286000-production --pseudonymization-salt-handle=2000,i,11933838246551952641,14387861711056372875,4 --trace-process-track-uuid=3190709056590010169 --mojo-platform-channel-handle=8024 /prefetch:1"
2026-10-07T09:04:18.182Z,chrome.exe,chrome.exe,11204,14072,"""C:\Program Files\Google\Chrome\Application\chrome.exe"" --type=renderer --no-pre-read-main-dll --disable-gpu-compositing --video-capture-use-gpu-memory-buffer --lang=en-US --device-scale-factor=1 --num-raster-threads=2 --enable-main-frame-before-activation --renderer-client-id=75 --launch-time-ticks=58464245115 --metrics-shmem-handle=3240,i,5051109858501470214,10646825171814029240,1572864 --field-trial-handle=1996,i,3595481585684911362,9104059505785398152,262144 --variations-seed-version=20260923-010043.286000-production --pseudonymization-salt-handle=2000,i,11933838246551952641,14387861711056372875,4 --trace-process-track-uuid=3190709056590010169 --mojo-platform-channel-handle=8024 /prefetch:1"
2026-10-07T09:04:33.900Z,chrome.exe,chrome.exe,1792,14072,"""C:\Program Files\Google\Chrome\Application\chrome.exe"" --type=renderer --no-pre-read-main-dll --disable-gpu-compositing --video-capture-use-gpu-memory-buffer --lang=en-US --device-scale-factor=1 --num-raster-threads=2 --enable-main-frame-before-activation --renderer-client-id=76 --launch-time-ticks=58479962783 --metrics-shmem-handle=3904,i,12494398950501743905,17124788107949214109,1572864 --field-trial-handle=1996,i,3595481585684911362,9104059505785398152,262144 --variations-seed-version=20260923-010043.286000-production --pseudonymization-salt-handle=2000,i,11933838246551952641,14387861711056372875,4 --trace-process-track-uuid=3190709057527052018 --mojo-platform-channel-handle=8092 /prefetch:1"
2026-10-07T09:04:33.900Z,chrome.exe,chrome.exe,1792,14072,"""C:\Program Files\Google\Chrome\Application\chrome.exe"" --type=renderer --no-pre-read-main-dll --disable-gpu-compositing --video-capture-use-gpu-memory-buffer --lang=en-US --device-scale-factor=1 --num-raster-threads=2 --enable-main-frame-before-activation --renderer-client-id=76 --launch-time-ticks=58479962783 --metrics-shmem-handle=3904,i,12494398950501743905,17124788107949214109,1572864 --field-trial-handle=1996,i,3595481585684911362,9104059505785398152,262144 --variations-seed-version=20260923-010043.286000-production --pseudonymization-salt-handle=2000,i,11933838246551952641,14387861711056372875,4 --trace-process-track-uuid=3190709057527052018 --mojo-platform-channel-handle=8092 /prefetch:1"
2026-10-07T09:09:10.557Z,chrome.exe,chrome.exe,6536,14072,"""C:\Program Files\Google\Chrome\Application\chrome.exe"" --type=renderer --top-chrome-webui --no-pre-read-main-dll --disable-gpu-compositing --video-capture-use-gpu-memory-buffer --lang=en-US --device-scale-factor=1 --num-raster-threads=2 --enable-main-frame-before-activation --renderer-client-id=77 --launch-time-ticks=58756620549 --metrics-shmem-handle=7728,i,10582601330154888758,15707084326420854627,1572864 --field-trial-handle=1996,i,3595481585684911362,9104059505785398152,262144 --variations-seed-version=20260923-010043.286000-production --pseudonymization-salt-handle=2000,i,11933838246551952641,14387861711056372875,4 --trace-process-track-uuid=3190709058464093867 --mojo-platform-channel-handle=6892 /prefetch:1"
2026-10-07T09:09:10.557Z,chrome.exe,chrome.exe,6536,14072,"""C:\Program Files\Google\Chrome\Application\chrome.exe"" --type=renderer --top-chrome-webui --no-pre-read-main-dll --disable-gpu-compositing --video-capture-use-gpu-memory-buffer --lang=en-US --device-scale-factor=1 --num-raster-threads=2 --enable-main-frame-before-activation --renderer-client-id=77 --launch-time-ticks=58756620549 --metrics-shmem-handle=7728,i,10582601330154888758,15707084326420854627,1572864 --field-trial-handle=1996,i,3595481585684911362,9104059505785398152,262144 --variations-seed-version=20260923-010043.286000-production --pseudonymization-salt-handle=2000,i,11933838246551952641,14387861711056372875,4 --trace-process-track-uuid=3190709058464093867 --mojo-platform-channel-handle=6892 /prefetch:1"
2026-10-07T09:09:10.591Z,chrome.exe,chrome.exe,4156,14072,"""C:\Program Files\Google\Chrome\Application\chrome.exe"" --type=renderer --no-pre-read-main-dll --disable-gpu-compositing --video-capture-use-gpu-memory-buffer --lang=en-US --device-scale-factor=1 --num-raster-threads=2 --enable-main-frame-before-activation --renderer-client-id=78 --launch-time-ticks=58756653484 --metrics-shmem-handle=8148,i,8908531817040614242,12253160819228381474,1572864 --field-trial-handle=1996,i,3595481585684911362,9104059505785398152,262144 --variations-seed-version=20260923-010043.286000-production --pseudonymization-salt-handle=2000,i,11933838246551952641,14387861711056372875,4 --trace-process-track-uuid=3190709059401135716 --mojo-platform-channel-handle=9416 /prefetch:1"
2026-10-07T09:09:10.591Z,chrome.exe,chrome.exe,4156,14072,"""C:\Program Files\Google\Chrome\Application\chrome.exe"" --type=renderer --no-pre-read-main-dll --disable-gpu-compositing --video-capture-use-gpu-memory-buffer --lang=en-US --device-scale-factor=1 --num-raster-threads=2 --enable-main-frame-before-activation --renderer-client-id=78 --launch-time-ticks=58756653484 --metrics-shmem-handle=8148,i,8908531817040614242,12253160819228381474,1572864 --field-trial-handle=1996,i,3595481585684911362,9104059505785398152,262144 --variations-seed-version=20260923-010043.286000-production --pseudonymization-salt-handle=2000,i,11933838246551952641,14387861711056372875,4 --trace-process-track-uuid=3190709059401135716 --mojo-platform-channel-handle=9416 /prefetch:1"
2026-10-07T09:09:10.819Z,chrome.exe,chrome.exe,12760,14072,"""C:\Program Files\Google\Chrome\Application\chrome.exe"" --type=renderer --no-pre-read-main-dll --disable-gpu-compositing --video-capture-use-gpu-memory-buffer --lang=en-US --device-scale-factor=1 --num-raster-threads=2 --enable-main-frame-before-activation --renderer-client-id=79 --launch-time-ticks=58756881908 --metrics-shmem-handle=4404,i,703093301948086153,9783972152877757379,1572864 --field-trial-handle=1996,i,3595481585684911362,9104059505785398152,262144 --variations-seed-version=20260923-010043.286000-production --pseudonymization-salt-handle=2000,i,11933838246551952641,14387861711056372875,4 --trace-process-track-uuid=3190709060338177565 --mojo-platform-channel-handle=9776 /prefetch:1"
2026-10-07T09:09:10.819Z,chrome.exe,chrome.exe,12760,14072,"""C:\Program Files\Google\Chrome\Application\chrome.exe"" --type=renderer --no-pre-read-main-dll --disable-gpu-compositing --video-capture-use-gpu-memory-buffer --lang=en-US --device-scale-factor=1 --num-raster-threads=2 --enable-main-frame-before-activation --renderer-client-id=79 --launch-time-ticks=58756881908 --metrics-shmem-handle=4404,i,703093301948086153,9783972152877757379,1572864 --field-trial-handle=1996,i,3595481585684911362,9104059505785398152,262144 --variations-seed-version=20260923-010043.286000-production --pseudonymization-salt-handle=2000,i,11933838246551952641,14387861711056372875,4 --trace-process-track-uuid=3190709060338177565 --mojo-platform-channel-handle=9776 /prefetch:1"
2026-10-07T09:09:13.626Z,chrome.exe,chrome.exe,10112,14072,"""C:\Program Files\Google\Chrome\Application\chrome.exe"" --type=renderer --no-pre-read-main-dll --disable-gpu-compositing --video-capture-use-gpu-memory-buffer --lang=en-US --device-scale-factor=1 --num-raster-threads=2 --enable-main-frame-before-activation --renderer-client-id=80 --launch-time-ticks=58759688795 --metrics-shmem-handle=6076,i,14222832468225616161,9826109808258590804,1572864 --field-trial-handle=1996,i,3595481585684911362,9104059505785398152,262144 --variations-seed-version=20260923-010043.286000-production --pseudonymization-salt-handle=2000,i,11933838246551952641,14387861711056372875,4 --trace-process-track-uuid=3190709061275219414 --mojo-platform-channel-handle=8444 /prefetch:1"
2026-10-07T09:09:13.626Z,chrome.exe,chrome.exe,10112,14072,"""C:\Program Files\Google\Chrome\Application\chrome.exe"" --type=renderer --no-pre-read-main-dll --disable-gpu-compositing --video-capture-use-gpu-memory-buffer --lang=en-US --device-scale-factor=1 --num-raster-threads=2 --enable-main-frame-before-activation --renderer-client-id=80 --launch-time-ticks=58759688795 --metrics-shmem-handle=6076,i,14222832468225616161,9826109808258590804,1572864 --field-trial-handle=1996,i,3595481585684911362,9104059505785398152,262144 --variations-seed-version=20260923-010043.286000-production --pseudonymization-salt-handle=2000,i,11933838246551952641,14387861711056372875,4 --trace-process-track-uuid=3190709061275219414 --mojo-platform-channel-handle=8444 /prefetch:1"
2026-10-07T09:09:20.657Z,chrome.exe,chrome.exe,6760,14072,"""C:\Program Files\Google\Chrome\Application\chrome.exe"" --type=renderer --no-pre-read-main-dll --disable-gpu-compositing --video-capture-use-gpu-memory-buffer --lang=en-US --device-scale-factor=1 --num-raster-threads=2 --enable-main-frame-before-activation --renderer-client-id=81 --launch-time-ticks=58766719832 --metrics-shmem-handle=4136,i,17773916895119119346,6961517896767935493,1572864 --field-trial-handle=1996,i,3595481585684911362,9104059505785398152,262144 --variations-seed-version=20260923-010043.286000-production --pseudonymization-salt-handle=2000,i,11933838246551952641,14387861711056372875,4 --trace-process-track-uuid=3190709062212261263 --mojo-platform-channel-handle=9056 /prefetch:1"
2026-10-07T09:09:20.657Z,chrome.exe,chrome.exe,6760,14072,"""C:\Program Files\Google\Chrome\Application\chrome.exe"" --type=renderer --no-pre-read-main-dll --disable-gpu-compositing --video-capture-use-gpu-memory-buffer --lang=en-US --device-scale-factor=1 --num-raster-threads=2 --enable-main-frame-before-activation --renderer-client-id=81 --launch-time-ticks=58766719832 --metrics-shmem-handle=4136,i,17773916895119119346,6961517896767935493,1572864 --field-trial-handle=1996,i,3595481585684911362,9104059505785398152,262144 --variations-seed-version=20260923-010043.286000-production --pseudonymization-salt-handle=2000,i,11933838246551952641,14387861711056372875,4 --trace-process-track-uuid=3190709062212261263 --mojo-platform-channel-handle=9056 /prefetch:1"
2026-10-07T09:12:59.511Z,chrome.exe,chrome.exe,4644,14072,"""C:\Program Files\Google\Chrome\Application\chrome.exe"" --type=renderer --no-pre-read-main-dll --disable-gpu-compositing --video-capture-use-gpu-memory-buffer --lang=en-US --device-scale-factor=1 --num-raster-threads=2 --enable-main-frame-before-activation --renderer-client-id=82 --launch-time-ticks=58985574182 --metrics-shmem-handle=7104,i,12149891193916674879,13668094433965498745,1572864 --field-trial-handle=1996,i,3595481585684911362,9104059505785398152,262144 --variations-seed-version=20260923-010043.286000-production --pseudonymization-salt-handle=2000,i,11933838246551952641,14387861711056372875,4 --trace-process-track-uuid=3190709063149303112 --mojo-platform-channel-handle=8540 /prefetch:1"
2026-10-07T09:12:59.511Z,chrome.exe,chrome.exe,4644,14072,"""C:\Program Files\Google\Chrome\Application\chrome.exe"" --type=renderer --no-pre-read-main-dll --disable-gpu-compositing --video-capture-use-gpu-memory-buffer --lang=en-US --device-scale-factor=1 --num-raster-threads=2 --enable-main-frame-before-activation --renderer-client-id=82 --launch-time-ticks=58985574182 --metrics-shmem-handle=7104,i,12149891193916674879,13668094433965498745,1572864 --field-trial-handle=1996,i,3595481585684911362,9104059505785398152,262144 --variations-seed-version=20260923-010043.286000-production --pseudonymization-salt-handle=2000,i,11933838246551952641,14387861711056372875,4 --trace-process-track-uuid=3190709063149303112 --mojo-platform-channel-handle=8540 /prefetch:1"
2026-10-07T09:13:03.895Z,chrome.exe,chrome.exe,1908,14072,"""C:\Program Files\Google\Chrome\Application\chrome.exe"" --type=renderer --no-pre-read-main-dll --disable-gpu-compositing --video-capture-use-gpu-memory-buffer --lang=en-US --device-scale-factor=1 --num-raster-threads=2 --enable-main-frame-before-activation --renderer-client-id=84 --launch-time-ticks=58989957403 --metrics-shmem-handle=8208,i,6933941545993915225,12886298983051029199,1572864 --field-trial-handle=1996,i,3595481585684911362,9104059505785398152,262144 --variations-seed-version=20260923-010043.286000-production --pseudonymization-salt-handle=2000,i,11933838246551952641,14387861711056372875,4 --trace-process-track-uuid=3190709065023386810 --mojo-platform-channel-handle=4880 /prefetch:1"
2026-10-07T09:13:03.895Z,chrome.exe,chrome.exe,1908,14072,"""C:\Program Files\Google\Chrome\Application\chrome.exe"" --type=renderer --no-pre-read-main-dll --disable-gpu-compositing --video-capture-use-gpu-memory-buffer --lang=en-US --device-scale-factor=1 --num-raster-threads=2 --enable-main-frame-before-activation --renderer-client-id=84 --launch-time-ticks=58989957403 --metrics-shmem-handle=8208,i,6933941545993915225,12886298983051029199,1572864 --field-trial-handle=1996,i,3595481585684911362,9104059505785398152,262144 --variations-seed-version=20260923-010043.286000-production --pseudonymization-salt-handle=2000,i,11933838246551952641,14387861711056372875,4 --trace-process-track-uuid=3190709065023386810 --mojo-platform-channel-handle=4880 /prefetch:1"
2026-10-07T09:13:05.545Z,chrome.exe,chrome.exe,9096,14072,"""C:\Program Files\Google\Chrome\Application\chrome.exe"" --type=renderer --no-pre-read-main-dll --disable-gpu-compositing --video-capture-use-gpu-memory-buffer --lang=en-US --device-scale-factor=1 --num-raster-threads=2 --enable-main-frame-before-activation --renderer-client-id=85 --launch-time-ticks=58991607868 --metrics-shmem-handle=7048,i,7862709794366862340,3421918386068893689,1572864 --field-trial-handle=1996,i,3595481585684911362,9104059505785398152,262144 --variations-seed-version=20260923-010043.286000-production --pseudonymization-salt-handle=2000,i,11933838246551952641,14387861711056372875,4 --trace-process-track-uuid=3190709065960428659 --mojo-platform-channel-handle=6168 /prefetch:1"
2026-10-07T09:13:05.545Z,chrome.exe,chrome.exe,9096,14072,"""C:\Program Files\Google\Chrome\Application\chrome.exe"" --type=renderer --no-pre-read-main-dll --disable-gpu-compositing --video-capture-use-gpu-memory-buffer --lang=en-US --device-scale-factor=1 --num-raster-threads=2 --enable-main-frame-before-activation --renderer-client-id=85 --launch-time-ticks=58991607868 --metrics-shmem-handle=7048,i,7862709794366862340,3421918386068893689,1572864 --field-trial-handle=1996,i,3595481585684911362,9104059505785398152,262144 --variations-seed-version=20260923-010043.286000-production --pseudonymization-salt-handle=2000,i,11933838246551952641,14387861711056372875,4 --trace-process-track-uuid=3190709065960428659 --mojo-platform-channel-handle=6168 /prefetch:1"
2026-10-07T09:13:31.065Z,chrome.exe,chrome.exe,10168,14072,"""C:\Program Files\Google\Chrome\Application\chrome.exe"" --type=renderer --no-pre-read-main-dll --disable-gpu-compositing --video-capture-use-gpu-memory-buffer --lang=en-US --device-scale-factor=1 --num-raster-threads=2 --enable-main-frame-before-activation --renderer-client-id=86 --launch-time-ticks=59017127635 --metrics-shmem-handle=8396,i,16618673963988619006,14179159743502304690,1572864 --field-trial-handle=1996,i,3595481585684911362,9104059505785398152,262144 --variations-seed-version=20260923-010043.286000-production --pseudonymization-salt-handle=2000,i,11933838246551952641,14387861711056372875,4 --trace-process-track-uuid=3190709066897470508 --mojo-platform-channel-handle=3432 /prefetch:1"
2026-10-07T09:13:31.065Z,chrome.exe,chrome.exe,10168,14072,"""C:\Program Files\Google\Chrome\Application\chrome.exe"" --type=renderer --no-pre-read-main-dll --disable-gpu-compositing --video-capture-use-gpu-memory-buffer --lang=en-US --device-scale-factor=1 --num-raster-threads=2 --enable-main-frame-before-activation --renderer-client-id=86 --launch-time-ticks=59017127635 --metrics-shmem-handle=8396,i,16618673963988619006,14179159743502304690,1572864 --field-trial-handle=1996,i,3595481585684911362,9104059505785398152,262144 --variations-seed-version=20260923-010043.286000-production --pseudonymization-salt-handle=2000,i,11933838246551952641,14387861711056372875,4 --trace-process-track-uuid=3190709066897470508 --mojo-platform-channel-handle=3432 /prefetch:1"
