store,change,key,state,value_bytes,seq
Local Extension Settings/ahfpelljbenimhohmgdbgpcgmmahcbkn,added,Extension-state,Live,75,7
Local Extension Settings/ahfpelljbenimhohmgdbgpcgmmahcbkn,added,TabManager-state,Live,25,2
Local Extension Settings/ahfpelljbenimhohmgdbgpcgmmahcbkn,added,automation,Live,46,8
Local Extension Settings/ahfpelljbenimhohmgdbgpcgmmahcbkn,added,changeBrowserTheme,Live,5,9
Local Extension Settings/ahfpelljbenimhohmgdbgpcgmmahcbkn,added,customThemes,Live,3591,10
Local Extension Settings/ahfpelljbenimhohmgdbgpcgmmahcbkn,added,detectDarkTheme,Live,4,11
Local Extension Settings/ahfpelljbenimhohmgdbgpcgmmahcbkn,added,disabledFor,Live,2,3
Local Extension Settings/ahfpelljbenimhohmgdbgpcgmmahcbkn,added,enableContextMenus,Live,5,12
Local Extension Settings/ahfpelljbenimhohmgdbgpcgmmahcbkn,added,enableForPDF,Live,5,13
Local Extension Settings/ahfpelljbenimhohmgdbgpcgmmahcbkn,added,enableForProtectedPages,Live,5,14
Local Extension Settings/ahfpelljbenimhohmgdbgpcgmmahcbkn,added,enabled,Live,5,15
Local Extension Settings/ahfpelljbenimhohmgdbgpcgmmahcbkn,added,enabledByDefault,Live,5,4
Local Extension Settings/ahfpelljbenimhohmgdbgpcgmmahcbkn,added,enabledFor,Live,2,5
Local Extension Settings/ahfpelljbenimhohmgdbgpcgmmahcbkn,added,fetchNews,Live,5,16
Local Extension Settings/ahfpelljbenimhohmgdbgpcgmmahcbkn,added,installation,Live,69,1
Local Extension Settings/ahfpelljbenimhohmgdbgpcgmmahcbkn,added,location,Live,34,17
Local Extension Settings/ahfpelljbenimhohmgdbgpcgmmahcbkn,added,presets,Live,2,18
Local Extension Settings/ahfpelljbenimhohmgdbgpcgmmahcbkn,added,previewNewDesign,Live,5,19
Local Extension Settings/ahfpelljbenimhohmgdbgpcgmmahcbkn,added,previewNewestDesign,Live,5,20
Local Extension Settings/ahfpelljbenimhohmgdbgpcgmmahcbkn,added,schemeVersion,Live,1,6
Local Extension Settings/ahfpelljbenimhohmgdbgpcgmmahcbkn,added,syncSettings,Live,5,21
Local Extension Settings/ahfpelljbenimhohmgdbgpcgmmahcbkn,added,syncSitesFixes,Live,5,22
Local Extension Settings/ahfpelljbenimhohmgdbgpcgmmahcbkn,added,theme,Live,456,23
Local Extension Settings/ahfpelljbenimhohmgdbgpcgmmahcbkn,added,time,Live,44,24
Local Extension Settings/mcjlamohcooanphmebaiigheeeoplihb,added,key-pair,Live,2036,3
Local Extension Settings/mcjlamohcooanphmebaiigheeeoplihb,added,last-user-state,Live,100,35
Local Extension Settings/mcjlamohcooanphmebaiigheeeoplihb,added,partners-tokens-last-fetch,Live,18,884
Local Extension Settings/mcjlamohcooanphmebaiigheeeoplihb,added,partners-tokens-v2,Live,4232,883
Local Extension Settings/mcjlamohcooanphmebaiigheeeoplihb,added,ppxl_scheduler-history,Live,189,982
Local Extension Settings/mcjlamohcooanphmebaiigheeeoplihb,added,ppxl_startup-histogram-metrics-sent,Live,86,990
Local Extension Settings/mcjlamohcooanphmebaiigheeeoplihb,added,ppxl_startup-metrics-sent,Live,67,989
Local Extension Settings/npclhjbddhklpbnacpjloidibaggcgon,added,asi_relay_restart_boundary,Deleted,0,14
Local Extension Settings/npclhjbddhklpbnacpjloidibaggcgon,added,native_host_not_found_logged_on,Live,12,7
Local Extension Settings/npclhjbddhklpbnacpjloidibaggcgon,added,remote_control_no_window_logged_on,Live,12,8
Sync Extension Settings/ahfpelljbenimhohmgdbgpcgmmahcbkn,added,disabledFor,Live,2,2
Sync Extension Settings/ahfpelljbenimhohmgdbgpcgmmahcbkn,added,enabledByDefault,Live,5,3
Sync Extension Settings/ahfpelljbenimhohmgdbgpcgmmahcbkn,added,enabledFor,Live,2,4
Sync Extension Settings/ahfpelljbenimhohmgdbgpcgmmahcbkn,added,installation,Live,69,1
Sync Extension Settings/ahfpelljbenimhohmgdbgpcgmmahcbkn,added,schemeVersion,Live,1,5
